07060_U20-004,005
07060_R01-020
07060_R10-001-005
07060_U04-055-009,010
07060_U05-014
07060_U04-005
07060_R01-016-A-7
07060_U10-009 & 009-A
07060_U10-001
07060_U12-024
07060_U07-024
07060_U15-026
07060_U17-003
07060_U03-004
07060_U12-029
07060_R01-019-A
07060_U18-051
07060_R06-097
07060_R06-084
07060_R06-031 & 031-A
07060_R01-016-A-3
07060_R05-002
07060_R06-088-A
07060_R03-005-A-1
07060_U20-023
07060_R01-002
07060_R06-096-A
07060_U17-029
07060_R06-023
07060_U18-039
07060_R03-006
07060_R04-ISLAND2
07060_R06-001
07060_U20-040
07060_R05-008-001
07060_U01-020
07060_R01-016-A-9
07060_R01-014-H
07060_U11-001
07060_U16-014,015
07060_U05-009 & 10
07060_U08-006
07060_R06-074
07060_U20-024
07060_U20-020
07060_U01-059
07060_U03-014
07060_U04-056
07060_R06-056-J & K
07060_U18-023,024
07060_R11-006-002-A, 2B

07060_U04-051
07060_R01-018
07060_U15-033
07060_U15-019
07060_U17-009-C
07060_U01-034
07060_U01-116
07060_U18-029
07060_U01-122 & 145

07060_R01-005-004
07060_U01-062
07060_R06-042
07060_R01-007-B
07060_U18-016
07060_R06-060-E
07060_U06-020
07060_R01-003
07060_R06-032,032-001
07060_U04-011
07060_R04-003-A
07060_U06-027
07060_R01-014-F
07060_R03-020-A
07060_R06-081-A
07060_U02-008
07060_U14-018
07060_R05-006-009
07060_U16-010
07060_R03-020-B
07060_U15-008
07060_U06-006
07060_U19-001-A
07060_R11-003 to 003-3
07060_R03-011
07060_U07-004-A
07060_R06-072
07060_R01-016-A-15
07060_R03-022
07060_U08-005
07060_R03-004
07060_R02-004
07060_U05-019
07060_R06-058-E
07060_R07-004
07060_U05-012
07060_U05-034
07060_R07-004-002
07060_U03-023
07060_R05-004
07060_U20-014
07060_U05-005-005
07060_R01-009-A
07060_U17-013
07060_U17-002-A
07060_R11-014
07060_U16-005
07060_U14-004
07060_U02-003
07060_U07-027
07060_U18-010
07060_U20-025-A
07060_U09-015-003
07060_R01-013
07060_R01-011
07060_R06-060
07060_U11-010
07060_R06-060-D
07060_U04-055-002
07060_U01-143
07060_U11-016,U10-011-A
07060_R03-024
07060_R01-019-B
07060_R06-095-005
07060_U10-012
07060_U01-011
07060_U13-009
07060_U10-008
07060_R06-026
07060_U20-028
07060_U05-026
07060_U12-005
07060_U04-023
07060_U04-055-005
07060_R07-004-008-1
07060_R06-045
07060_R06-075
07060_U05-005-001
07060_U06-017
07060_U18-048-B-1
07060_U10-011
07060_R03-018-003
07060_U18-022
07060_U15-002
07060_U10-013
07060_U07-016
07060_U18-046
07060_U19-002
07060_R03-005
07060_R01-016-A-1
07060_U06-033
07060_R01-010
07060_U20-002
07060_U14-016
07060_R06-023-B-2 & 3
07060_R06-068
07060_U14-017
07060_U20-029
07060_U01-123
07060_U03-018
07060_U01-104
07060_U15-004
07060_R03-013 B
07060_U01-007
07060_U04-032
07060_R06-021
07060_R01-003-A
07060_U04-014
07060_U05-035
07060_U14-010
07060_R03-017
07060_U10-002
07060_U17-026
07060_U16-004
07060_R06-032-006-A,005
07060_U02-004
07060_R06-055
07060_R01-019
07060_U12-006
07060_R06-004
07060_R01-014-B
07060_R08-ISLAND
07060_U05-006
07060_U04-022
07060_R11-005-A
07060_U07-003
07060_U07-022
07060_U18-060
07060_U07-028
07060_U05-031
07060_U18-039-A
07060_R06-095-001
07060_U20-010
07060_U01-147
07060_R06-058-I
07060_R10-001-003
07060_U12-025
07060_U12-027
07060_U03-012
07060_U17-011
07060_U04-017
07060_U20-013
07060_U18-052
07060_R10-001-015
07060_R11-006-002-C
07060_U08-006--001
07060_R01-027-B
07060_R06-017
07060_R03-001 & R03-030
07060_U20-037
07060_U20-001
07060_U01-040
07060_R06-032-002-003
07060_R03-028
07060_R01-005-006
07060_R01-UNKNOWN4
07060_R07-004-011
07060_U09-008
07060_U14-014
07060_U16-011
07060_U17-007
07060_R06-090
07060_R01-005
07060_U12-004
07060_U20-017
07060_U05-042
07060_R06-096
07060_U09-011
07060_U10-011-B
07060_R01-016-A-8
07060_R07-004-012
07060_R01-017
07060_U20-007
07060_R10-001-009
07060_U06-003
07060_U16-001-A
07060_R06-073
07060_U19-005
07060_U13-004
07060_U01-010
07060_U04-019
07060_U18-038
07060_U04-045
07060_U13-027
07060_U17-019
07060_U05-017
07060_U18-032
07060_R08-UNKNOWN
07060_U18-035
07060_U04-046
07060_U03-001
07060_U18-036
07060_U05-036
07060_U17-010
07060_U18-017
07060_R01-016-A-6
07060_R06-053
07060_U18-054
07060_U17-008
07060_U06-008
07060_U03-009
07060_R05-006-006
07060_U03-005
07060_U03-019
07060_U18-027
07060_U05-018
07060_U18-019
07060_U05-039
07060_R06-013
07060_U15-014
07060_U20-006
07060_U14-007
07060_U11-004
07060_R05-006-001
07060_R06-095-004
07060_R08-001
07060_U12-030
07060_U13-007
07060_R01-012
07060_U05-032
07060_U18-002
07060_U19-001-001
07060_U01-112
07060_U18-015
07060_U09-002
07060_U04-012
07060_R06-086
07060_R06-046,047
07060_U01-051
07060_U16-001
07060_U01-050
07060_U05-020
07060_U15-032
07060_R02-007
07060_R06-058-H
07060_U19-003
07060_U13-023
07060_R11-012
07060_U18-001 & 001-A
07060_U12-018
07060_U20-032
07060_U01-114
07060_U04-055-006
07060_R07-003
07060_U10-010
07060_U12-UNKNOWN
07060_U18-047
07060_U18-021
07060_R06-081-B
07060_U14-003
07060_U06-022
07060_U13-001-C
07060_U17-017
07060_U18-008
07060_R06-100
07060_R06-079
07060_U07-007
07060_U20-016
07060_R01-005-005
07060_U07-009
07060_R06-059
07060_U06-035
07060_U05-028
07060_U01-008
07060_R04-ISLAND3
07060_U20-046
07060_U16-012
07060_R03-013
07060_U04-039
07060_R01-016-A-5
07060_U20-047
07060_U11-015
07060_R06-030
07060_U04-052
07060_U06-009
07060_U01-098
07060_U08-002
07060_R06-088-002
07060_R03-023
07060_R05-006-011
07060_U07-024-A
07060_R03-018-002
07060_U01-129 & 138
07060_U09-006
07060_R03-014
07060_U05-005-007
07060_U17-009-A
07060_R01-007
07060_U07-005
07060_U01-030,031
07060_U12-007
07060_R01-024
07060_R06-041
07060_U13-025-A
07060_R03-018-004
07060_R11-006-016
07060_U13-017
07060_R11-006-014
07060_U18-018
07060_U07-019
07060_U04-010
07060_U12-023
07060_R03-021-F
07060_U01-130
07060_U13-001
07060_R03-012
07060_U06-005
07060_U06-004
07060_U20-008
07060_U06-035-A
07060_U14-015
07060_U03-010
07060_U14-009
07060_R04-ISLAND4
07060_U17-015
07060_R06-070
07060_U18-020
07060_U05-005-006
07060_U08-003
07060_R10-001-002
07060_U06-036
07060_U18-042
07060_U12-020
07060_R06-020
07060_R06-005
07060_U10-004
07060_U15-023
07060_U06-030
07060_U05-005-002
07060_R01-021
07060_U04-030
07060_R03-021-E
07060_R09-A
07060_R11-010
07060_R06-023-B-4
07060_U20-025
07060_U09-005
07060_U09-011-B
07060_U12-009
07060_U06-024
07060_U02-009
07060_U01-056
07060_R03-005-B
07060_U20-042
07060_U12-011
07060_U02-005
07060_U03-011
07060_U11-008
07060_U11-007
07060_U14-019
07060_U13-026
07060_U08-011
07060_R11-006-009 &10-A
07060_U05-038
07060_U17-014
07060_U03-008
07060_U05-001
07060_U20-033
07060_R06-024
07060_U20-041
07060_U20-003
07060_U18-045
07060_R03-016
07060_R06-081
07060_U04-020
07060_U19-001-002
07060_U09-CEM
07060_U17-016
07060_R06-058-L
07060_U16-001-C
07060_U18-055
07060_R06-095-002
07060_U18-025
07060_R06-034
07060_U11-009
07060_R06-095-E-J
07060_U20-011
07060_U15-016
07060_R06-056-G & M
07060_U04-009
07060_U13-020
07060_U18-007
07060_R06-058-F
07060_R03-014-A
07060_R01-ISLAND
07060_R01-UNKNOWN1
07060_U18-062
07060_U09-015, 015-009
07060_U18-048-B
07060_R06-056-H
07060_U17-006
07060_U17-020
07060_R05-006-007
07060_R04-005
07060_U14-CEM
07060_R03-021-B & 021-C
07060_R11-006-007
07060_U18-050
07060_R01-UNKNOWN2
07060_R01-014-D
07060_U02-001
07060_U07-002
07060_U16-002
07060_R01-025
07060_U01-118
07060_R03-015
07060_U18-036-A
07060_U09-010,012
07060_U12-019
07060_U13-029
07060_R06-062
07060_R07-004-003
07060_U14-012
07060_U13-008
07060_R05-003
07060_U01-057
07060_R03-019
07060_U06-031
07060_U16-006
07060_R09-001
07060_U01-061
07060_U09-006-A
07060_U04-002
07060_U05-004
07060_U09-011-A
07060_R06-088-001
07060_U13-031
07060_R02-005
07060_U15-041
07060_U04-027-A
07060_R03-027
07060_R06-002
07060_R05-005-002
07060_R06-058-M
07060_R06-092
07060_U01-138
07060_U05-005-003
07060_U06-038
07060_U13-014
07060_U13-002
07060_U01-016
07060_R06-057
07060_R11-006-A
07060_R06-056-C
07060_U12-015
07060_U18-003
07060_R06-013-A
07060_U10-006
07060_R01-015-B
07060_U04-033
07060_R06-027-A
07060_U07-018
07060_U05-005-008
07060_U17-018
07060_U01-106
07060_R11-005
07060_U01-038
07060_R01-014-J
07060_R06-067
07060_U09-009
07060_R06-080
07060_U04-001
07060_U20-012
07060_U20-034
07060_R09-B
07060_R03-013-A
07060_R06-088-B
07060_R06-023-A
07060_U08-005-A
07060_R03-010
07060_U03-007
07060_R02-003-A
07060_R12-003
07060_U08-001
07060_R11-004
07060_R02-001
07060_U12-016
07060_U09-015-001
07060_U05-029
07060_U19-001-003
07060_U04-043
07060_U03-016
07060_U18-048-A
07060_R06-044
07060_U01-144
07060_R06-088-C
07060_U19-001-004
07060_U12-026
07060_R06-015
07060_R01-003-B
07060_U20-043
07060_U08-009
07060_U15-037
07060_U13-025
07060_U16-008
07060_U18-053
07060_U17-001
07060_U04-038
07060_R06-056-F
07060_R04-003-B
07060_R05-006-008
07060_R03-029
07060_R11-006-011,12,13
07060_U01-028
07060_U19-001
07060_R06-033
07060_U01-047
07060_U07-014
07060_U04-024
07060_U15-006,007
07060_U20-038
07060_R06-088-E
07060_U16-009-B
07060_U18-058
07060_U01-067
07060_U01-060
07060_U04-007
07060_U05-041
07060_U13-018
07060_U15-022
07060_R06-094
07060_R06-039
07060_U01-122 & 145
07060_U12-028
07060_U06-019
07060_R06-023-B-1
07060_U04-008
07060_R06-010
07060_U17-012
07060_R01-016-A
07060_U09-015-006
07060_U15-029
07060_U08-004
07060_R06-098
07060_R06-056-B
07060_U03-021
07060_U01-029
07060_R06-058-A
07060_R06-058-N
07060_U20-021
07060_U14-002
07060_U18-033
07060_R07-004-005
07060_U09-001
07060_R10-001-001
07060_U20-015
07060_U20-022
07060_R04-003-C
07060_U18-031
07060_U17-004
07060_R02-003-B
07060_R05-006-A
07060_R06-058-B
07060_U02-006
07060_R06-064
07060_R01-014-A
07060_R06-056-P
07060_R06-088
07060_U04-013
07060_U20-026
07060_R03-018-001
07060_R05-006-003
07060_R06-014
07060_U01-048
07060_U01-014
07060_U03-003
07060_U20-019
07060_U18-030
07060_R05-006-010
07060_R10-001-008
07060_R01-015-C
07060_R01-016-A-12
07060_R01-014-C
07060_R10-001-014
07060_U16-003
07060_R05-006-C
07060_U04-027
07060_R01-005-007
07060_R08-002
07060_U16-013
07060_R03-005-A-5
07060_U13-022
07060_R01-016-A-10
07060_R06-019
07060_U04-054,053
07060_R11-001,002
07060_U05-005
07060_R07-004-008
07060_U01-042
07060_U09-007
07060_R06-065
07060_R05-006-D-1
07060_U01-148
07060_U07-001
07060_R01-022
07060_R01-016-A-14
07060_U17-030
07060_R06-016,005-A
07060_R01-016-A-2
07060_U15-005
07060_R10-001-007
07060_R01-014-E
07060_R06-058-K
07060_R10-001-006
07060_R05-008-2
07060_R06-056-D & E
07060_R01-014-G
07060_R06-054
07060_U01-128
07060_U08-007-A
07060_U17-024
07060_R06-060-B
07060_R03-005-A-2
07060_R06-037
07060_U11-002
07060_U18-043,044
07060_U04-055-001
07060_U07-015
07060_U05-024
07060_U18-005,006
07060_R02-002
07060_U07-017
07060_U04-035
07060_U06-011
07060_R06-056-L
07060_U12-021
07060_R01-016
07060_R06-058-D
07060_U01-024
07060_U04-028 & 029
07060_U01-021
07060_U01-013
07060_R04-001-C
07060_U18-061
07060_U12-012
07060_R01-007-A
07060_R11-009
07060_U01-120
07060_R06-052
07060_R03-026
07060_R06-061
07060_U04-025
07060_U18-013
07060_R01-005-003
07060_R05-006-002
07060_R05-006-D
07060_R10-001-010 & 011
07060_R07-004-010
07060_U07-025
07060_R05-006-B
07060_R03-002
07060_U07-026
07060_U12-022
07060_U07-004
07060_R06-003
07060_U12-014
07060_U04-044
07060_R01-004
07060_U01-003
07060_R02-001 A
07060_U01-097
07060_U09-004
07060_U06-032
07060_U18-063
07060_U18-040
07060_U06-010
07060_U01-012
07060_U09-013-A
07060_R01-008
07060_U06-007
07060_U02-007
07060_R01-007-001
07060_U12-031
07060_U01-108
07060_U03-022
07060_U09-015-007,008
07060_R01-026
07060_U01-009
07060_R10-001-012
07060_U01-045
07060_U11-011
07060_U06-001
07060_R06-028
07060_U18-048-D
07060_R06-087
07060_U15-031
07060_R05-008
07060_U12-017
07060_R06-051
07060_U05-015
07060_R06-082
07060_U13-001-A
07060_U04-015 & 016
07060_U01-068
07060_U17-025
07060_U13-024
07060_U13-021
07060_R04-ISLAND1
07060_R06-088-D
07060_R11-008
07060_U04-026
07060_U09-UNKNOWN
07060_R01-009
07060_R06-005-B
07060_R06-093
07060_R06-007
07060_R06-095-K
07060_U20-027
07060_R03-005-A-3
07060_U05-016
07060_R03-007
07060_U04-003
07060_U10-011-A
07060_U06-013
07060_U07-021
07060_U06-014
07060_U06-015
07060_U06-039
07060_U17-034
07060_U17-022
07060_R11-006-004
07060_U18-048-C
07060_R01-016-A-4
07060_U20-045
07060_R05-005-001
07060_U12-003
07060_U17-028
07060_U20-001-A
07060_R06-058-G
07060_U07-030
07060_U01-121
07060_R06-095-A-D & L
07060_U01-126 & 141
07060_U18-034
07060_U03-013
07060_U05-023
07060_R06-060-A
07060_U03-002
07060_U13-001-D
07060_U17-023-A
07060_R04-004
07060_U13-006
07060_U08-007
07060_R01-UNKNOWN3
07060_R06-048
07060_U15-038
07060_U13-012
07060_U13-011
07060_R05-006-012
07060_R06-058-C
07060_R10-001-004
07060_U18-057
07060_U20-018
07060_R11-006-003-A
07060_R05-006-004
07060_R05-005-3
07060_U12-001
07060_U15-040
07060_R03-003
07060_U20-001-B
07060_R04-001-A
07060_U20-030
07060_R01-007-2 - 007-9
07060_U14-011
07060_R02-003
07060_R01-027
07060_R06-050
07060_U05-021
07060_U20-048
07060_R06-069
07060_R06-038
07060_R06-099
07060_U07-020
07060_U20-009
07060_R03-025-A
07060_R03-025
07060_U01-113
07060_U15-028
07060_R01-020-A
07060_R11-011
07060_R06-005-A
07060_R03-013-C
07060_U13-030
07060_U05-008
07060_R02-UNKNOWN
07060_U07-013
07060_R06-066
07060_R12-002
07060_U17-033-A
07060_U01-111
07060_U15-027
07060_U05-037
07060_U04-018
07060_R11-015
07060_U04-006
07060_R06-043
07060_U06-021
07060_U18-049
07060_R01-006
07060_R10-001-013
07060_U15-015
07060_U15-024
07060_R01-005-A
07060_U14-008
07060_U06-012
07060_R03-018A & 018B
07060_U03-020
07060_U01-076
07060_U10-007
07060_R07-004-001
07060_U04-002-B
07060_U13-010
07060_U01-124
07060_R03-021-D
07060_U07-008
07060_R03-009
07060_U01-001,002
07060_R06-049
07060_U18-028
07060_R01-016-A-11
07060_R06-022
07060_R06-088-F
07060_U16-009-A
07060_R11-006-001-A
07060_U12-001-B
07060_U06-026
07060_U06-018
07060_U01-049
07060_U15-035
07060_R06-099-A
07060_U17-009-B
07060_R06-085
07060_R01-015-A
07060_R11-006-006
07060_R06-027
07060_U05-007
07060_U11-012
07060_U01-046
07060_U04-031
07060_U18-011
07060_U14-013
07060_U18-014
07060_R12-001
07060_U18-059
07060_U20-031
07060_U03-006
07060_U09-013
07060_U19-001-005
07060_U04-034
07060_U04-042-A
07060_U01-018
07060_U16-007
07060_R05-006-005
07060_R10-001
07060_U09-001-A
07060_U18-012
07060_R07-004-004
07060_R06-012
07060_R01-015
07060_U07-023
07060_U01-019
07060_U09-015-005
07060_U11-013
07060_U19-006
07060_U17-002
07060_R01-016-A-13
07060_U01-005,006
07060_U17-027
07060_U15-013
07060_U04-049
07060_U10-005
07060_R11-007
07060_U18-048-E
07060_R11-006-005
07060_U01-058
07060_U07-010
07060_R03-017-A
07060_R06-077
07060_R03-008
07060_U07-012
07060_U02-002
07060_R06-058-J
07060_U01-032
07060_U01-022-A
07060_U20-039
07060_U09-015-002
07060_R04-001-B
07060_R01-006-001
07060_R06-091
07060_R06-089
07060_R04-003-D
07060_R11-006-002-A, 2B
07060_R06-025
07060_R11-006-008
07060_U17-031
07060_R01-009-B
07060_R06-006
07060_U01-022
07060_R06-060-C
07060_U06-002
07060_R01-019-C
07060_U01-146
07060_U09-003
07060_U14-006
07060_U18-048
07060_U09-014
07060_R06-056-A
07060_U13-015
07060_R01-005-002
07060_R05-007-001
07060_R06-076
07060_U20-035
07060_R06-081-D
07060_U05-013
07060_U04-042
07060_U04-057
07060_R01-UNKNOWN5
07060_R04-002 & R05-007
07060_U06-034
07060_U05-025
07060_R06-056-N, 056-O
07060_U13-016
07060_U17-005
07060_U12-013
07060_R11-006-015-A,B&C
07060_U06-025
07060_U14-001
07060_U04-055-004
07060_U15-039
07060_U18-041
07060_R01-029
07060_U15-020
07060_R06-081-C
07060_U01-125,142,090
07060_U18-056
07060_R06-078
07060_U04-002-A
07060_U05-022
07060_U08-008
07060_R03-005-A-4
07060_U15-018
07060_U11-006
07060_R03-021 & 021-G
07060_R07-001
07060_R03-020
07060_U05-011
07060_R03-010-A
07060_U14-005
07060_U18-021-A
07060_R01-005-001
07060_U15-003
07060_R01-027-A
07060_U18-042-A
07060_U15-017
07060_U01-127
07060_U04-055-003
07060_R06-071
07060_U17-023
07060_R02-006
07060_U13-003
07060_R01-007-007
07060_R07-004-006
07060_R06-095
07060_R11-006-010,10B
07060_U15-012
07060_U10-003
07060_U07-006
07060_U01-133
07060_R06-018
07060_U15-001
07060_U16-001-B
07060_R06-029
07060_U11-003
07060_R11-006-003
07060_U01-043 & 044
07060_U06-016
07060_R07-004-009
07060_R06-088-G
